1global 1global.png
1nce 1nce.png
1password 1password.png
abbott- abbot.png
abc-fitness abc-fitness.png
autodoc autodoc.png
abnormalsecurity abnormal.png
ab-tasty abtasty.png
airahome aira.png
acronis acronics.png
altenar altenar.png
amartha amartha.png
amazon amazon.png
american-airlines american-airlines.png
american-express american-express.png
amoamoamo amo-co.png
apifonica apifonica.png
apollo-graphql apollo-graphql.png
appodeal appodeal.png
argela-technologies argela-technologies.png
airslate airslate-workflow.png
airspace-inc airspace.png
algolia algolia-vector.png
altair-engineering altair.png
applied-systems applied.png
applied-systems-canada applied.png
aquasecteam aqua-security.png
arculus-a-jungheinrich-company arculus.png
arenko-cleantech arenko.png
arista-networks-inc arista-networks.png
applied-research-solutions ars.png
ascendion ascendion.png
ashley-furniture-industries ashley-furniture-industries.png
atom-bank atom-bank.png
atomicskiing atomic-ski.png
autodesk autodesk.png
automox automox.png
avetta avetta.png
axis-communications axis-communications.png
group-avows avowstech.png
bauhaus-deutschland bauhaus.png
bestowtech bestow.png
beyond-identity-inc beyond-identity.png
bigpayme bigpay.png
bnpparibassecuritiesservices bnp-paribas.png
bol-com bol.png
mycafu cafu.png
campingworld camping-world.png
centralretail central-retail.png
centripetal-ai centripetal.png
chalkai chalk-ai.png
check-point-software-technologies check-point-software.png
chime-card chime.png
thousandeyes cisco-thousandeyes.png
citi citi-bank.png
clearstory-build clearstory.png
cloudwalk-inc cloudwalk.png
coalitioninc coalition-cyber.png
cognitedata cognite.png
compassinc comprass.png
consortgroup consort-group.png
creativesoftware creative-software.png
cross-river-bank cross-river.png
crowd-riff crowdriff.png
getcruise cruise.png
cyber-ark-software cyberark.png
dataoncorp dataon.png
daedalean deadalean-ai.png
dealer-tire dealertire.png
delivery-hero-se deliveryhero.png
join-denim denim.png
density-inc- density-io.png
digiexams digiexam.png
dojo-tech dojo.png
dtonesolution dtone.png
eburyfintech ebury.png
eco-movement-charge-point-data eco-movement.png
e-food-gr efood.png
elastic-co elastic.png
embark-studios-ab embark-studios.png
emerchantpay-ltd emerchantpay.png
enova-international enova.png
edbpostgres enterprisedb.png
ericsson ericsson-1.png
exasol-ag exasol.png
fanatics-inc- fanatics.png
fireworkhq firework.png
flyrinc flyr.png
form3-financial-cloud form3.png
freeformfuture freeform.png
g-core gcore.png
geniussports genius-sports.png
getstream getstream-io.png
gettaxi gett.png
gitlab-com gitlab.png
suse gold-suse.png
gorillalogic gorilla-logic.png
grasshopperasia grasshopper.png
greenbone-networks-gmbh greenbodeag.png
happen-ing happening.png
nico-lab header.png
hearx-group hearx.png
hellofresh hello-fresh.png
hornetsecurity hornet.png
huntress-labs huntress.png
idt idt-corporation.png
infolob-global infolob.png
ing ing-group.png
inviatravelgermany invia-group.png
jfrog-ltd jfrog.png
jmawireless jma-wireless.png
just-eat-takeaway-com just-eat-takeaway.png
kiteworkscgcp kiteworks.png
kochinc koch.png
lenskart-com lenskart.png
levelhome level-home.png
lightspeedcommerce lightspeed.png
limango-gmbh limango-germany.png
limango-sp-z-o-o- limango.png
4128 lowes.png
lumentechnologies lumen-technologies.png
lytxinc lytx-company.png
macquariegroup macquarie.png
maersk-group maersk.png
mayaph maya-ph.png
medium-com medium.png
mercuryhq mercury-com.png
millennium-partners millennium.png
mindera-world mindera.png
miraclesoft miracle-software-systems.png
wearemntn mntn.png
mongodbinc mongodb.png
pi-square-technology monochrome-modern-technology-black.png
monzo-bank monzo.png
moodys-corporation moody's.png
motorolasolutions motorola-solutions.png
moveworksai moveworks.png
mozilla-corporation mozilla.png
namecheap-inc namecheap.png
napier napier-ai.png
new-relic-inc- new-relic.png
nice-systems nice.png
nine-entertainment-co. nine.png
go-nitro nitro.png
nordsecurity nord-security.png
nuro-inc. nuro.png
observe-inc observe.png
okta-inc- okta.png
olx-group olx.png
omilia-ltd omilia-conversational-intelligence.png
omio omnio.png
on2it-cybersecurity on2it.png
openwebhq open-web.png
theopentag opentag.png
outreach-saas outreach-io.png
overwolf.com overwolf-horizontal.png
ovoenergy ovo.png
paessler-gmbh paessler.png
palo-alto-networks paloaltonetworks.png
paltafamily palta.png
pinecone-io pinecone.png
plaid- plaid.png
postscriptio postscript.png
power-factors-inc powerfactors.png
preciselydata precisely.png
press-ganey-associates pressganey.png
priceline-com priceline.png
purestorage pure-storage.png
qohash qonash.png
quadcodecareer quadcode.png
recurly recurly-pay.png
reddit-com reddit.png
redisinc redis.png
remarkable-as remarkable.png
rialtic-io rialtic.png
rocket-lab-limited rocketlab.png
rxbenefits-inc- rxbenefits.png
sailpoint-technologies sailpoint.png
samsung-electronics samsung.png
scitecinc scitec.png
getsentry sentry.png
smartrentdotcom smartrent.png
snap-inc-co snap-inc.png
solo.io solo-io.png
sonatus sonatus-blogcard.png
sony-interactive-entertainment-llc sony-interactive-entertainment.png
teamsparq sparq.png
splash-damage splashdamage.png
starlingbank starling-bank.png
stratascale-llc stratascale.png
sunasterisk sun-vietnam.png
smg-marketplace swiss-marketplace-group.png
tabbypay tabby.png
talamobile tala.png
talon.one talon-one.png
teaching-strategies-llc teachingstrategies.png
enflick-inc- textnow.png
teya-global teya.png
timescaledb timescale.png
top-doctors-europe topdoctors.png
transition-technologies-psc transition.png
twosixtechnologies twosix-tech.png
tyk tyk-io.png
uber-com uber.png
ubiquiti- ui.png
umbraspace umbra.png
unlimit-com unlimit.png
unnax-emi unnax.png
utilitywarehouse uw-utility-warehouse.png
vaytechnology vay-io.png
we-are-venatus venatus.png
verve-ad-solutions verve.png
vestiaireco vestiaire-collective.png
viodotcom vio.png
voltus-inc. voltus.png
voodoo.io voodoo.png
vustheenglishcenter vus.png
wargaming-net wargaming.png
wexinc wex.png
wiseaccount wise.png
wolt-oy wolt.png
xataio xata-io.png
flyzipline zipline.png
zurich-instruments-ag zurich-instruments.png
bedrock-streaming bedrock-streaming.png
bell bell.png
bill bill.png
bitaksi bitaksi.png
bitly bitly.png
bjak bjak.png
bloomberg bloomberg.png
booz-allen-hamilton booz-allen-hamilton.png
bynder bynder.png
cake-by-vpbank cake-by-vpbank.png
canonical canonical.png
capital-one capital-one.png
careem careem.png
cast-ai cast-ai.png
centene-corporation centene-corporation.png
checkout checkout.png
cheesecake-labs cheesecake-labs.png
cj-express-group cj-express-group.png
clearscore clearscore.png
cloudflare cloudflare.png
cockroach-labs cockroach-labs.png
codenotary codenotary.png
cognizant cognizant.png
cohesity cohesity.png
comcast comcast.png
coreweave coreweave.png
creative-fabrica creative-fabrica.png
crowdstrike crowdstrike.png
cyberhaven cyberhaven.png
cycloid cycloid.png
cynergy-bank cynergy-bank.png
cynet-systems cynet-systems.png
dailymotion dailymotion.png
darktrace darktrace.png
datadog datadog.png
ddn ddn.png
demandbase demandbase.png
device42 device42.png
diabolocom diabolocom.png
digitalocean digitalocean.png
discord discord.png
dlocal dlocal.png
docker docker.png
doordash doordash.png
dronesense dronesense.png
droneshield droneshield.png
dropbox dropbox.png
drw drw.png
dusty-robotics dusty-robotics.png
dynatrace dynatrace.png
dyninno-group dyninno-group.png
ebay ebay.png
emnify emnify.png
eset eset.png
evercharge evercharge.png
exabeam exabeam.png
exness exness.png
expressvpn expressvpn.png
extreme-networks extreme-networks.png
factset factset.png
fastly fastly.png
figma figma.png
fincompare fincompare.png
fiserv fiserv.png
fiskaly fiskaly.png
flexera flexera.png
flowhub flowhub.png
fonoa fonoa.png
fortinet fortinet.png
freewheel freewheel.png
fubotv fubotv.png
gartner gartner.png
geico geico.png
gelato gelato.png
geocomply geocomply.png
getir getir.png
github github.png
gocardless gocardless.png
godaddy godaddy.png
goflink goflink.png
google google.png
grammarly grammarly.png
groq groq.png
guardsquare guardsquare.png
hasaki-vn hasaki-vn.png
hashicorp hashicorp.png
hasura hasura.png
heb heb.png
here here.png
home24 home24.png
hp hp.png
ibm ibm.png
influ2 influ2.png
ipsos ipsos.png
isovalent isovalent.png
jack-henry jack-henry.png
jpmorganchase jpmorganchase.png
justwatch justwatch.png
k-id k-id.png
kantox kantox.png
kargo kargo.png
kaseya kaseya.png
kimiagroup kimiagroup.png
koho koho.png
konghq konghq.png
kroger kroger.png
lantronix lantronix.png
lexisnexis-risk-solutions lexisnexis-risk-solutions.png
liebherr liebherr.png
linkedin linkedin.png
littlelives littlelives.png
lloyds-banking-group lloyds-banking-group.png
macrohealth macrohealth.png
mastercard mastercard.png
materialise materialise.png
mcafee mcafee.png
microsoft microsoft.png
mimecast mimecast.png
mirantis mirantis.png
mitratech mitratech.png
mobica mobica.png
morgan-stanley morgan-stanley.png
neo4j neo4j.png
net2phone net2phone.png
netapp netapp.png
netlify netlify.png
network-optix network-optix.png
nightfall-ai nightfall-ai.png
nn-group nn-group.png
nokia nokia.png
nutanix nutanix.png
odyssey-information-services odyssey-information-services.png
ola-chat ola-chat.png
onesignal onesignal.png
openx openx.png
oracle oracle.png
outpost24 outpost24.png
paddle paddle.png
palantir-technologies palantir-technologies.png
pay-retailers pay-retailers.png
paynearme paynearme.png
payrails payrails.png
percona percona.png
pindrop pindrop.png
pinterest pinterest.png
poppi-technologies poppi-technologies.png
praxent praxent.png
proofpoint proofpoint.png
pubmatic pubmatic.png
r-systems r-systems.png
rakuten-viber rakuten-viber.png
rapid7 rapid7.png
readdle readdle.png
remitly remitly.png
reward-gateway reward-gateway.png
riskified riskified.png
runzero runzero.png
sainsburys sainsburys.png
salesloft salesloft.png
sap sap.png
scaleway scaleway.png
scylladb scylladb.png
second-spectrum second-spectrum.png
seedtag seedtag.png
selby-jennings selby-jennings.png
semrush semrush.png
sentinelone sentinelone.png
shopee shopee.png
siemens siemens.png
sinch sinch.png
smithrx smithrx.png
snyk snyk.png
social-discovery-group social-discovery-group.png
sonicwall sonicwall.png
sophos sophos.png
sourcegraph sourcegraph.png
splunk splunk.png
sportradar sportradar.png
spotify spotify.png
squarespace squarespace.png
stacklok stacklok.png
statista statista.png
stockbit stockbit.png
stonebranch stonebranch.png
stripe stripe.png
strongdm strongdm.png
sumup sumup.png
superindo superindo.png
surfly surfly.png
swish-analytics swish-analytics.png
swiss-post swiss-post.png
synopsys synopsys.png
sysdig sysdig.png
sytac sytac.png
tailscale tailscale.png
taxfix taxfix.png
telestream telestream.png
the-walt-disney-company the-walt-disney-company.png
tomtom tomtom.png
trend-micro trend-micro.png
trustingsocial trustingsocial.png
tucows tucows.png
ubisoft ubisoft.png
ubs ubs.png
unzer unzer.png
upvest upvest.png
us-bank us-bank.png
varonis varonis.png
vercel vercel.png
vodeno vodeno.png
vonage vonage.png
waystar waystar.png
woolsocks woolsocks.png
workato workato.png
worldpay worldpay.png
worldtechit worldtechit.png
xsolla xsolla.png
yalo yalo.png
yassir yassir.png
yum-brands yum-brands.png
zalando zalando.png
zeller zeller.png
zendesk zendesk.png
zeptolab zeptolab.png
zoom zoom.png
zscaler zscaler.png
zubale zubale.png
